scenario,run,config_file,timestamp,judge_model,judge_latency_s,verdict,score,reasoning_steps,evaluation_statement,main_strengths,main_weaknesses,suggested_improvement,error
S0,1,/Users/srujanakadambari/Desktop/ffresh thesis/data-to-visual/data-to-visual-nicos-branch/FINAL FOLDER/master_run_results/configs/S0_run01.json,2026-05-17T10:13:29,Qwen3.6-27B,7.467,FAIL,0.6,"Step 1: check chart type — The line chart is suitable for showing trends over time. | Step 2: check metric/column — The correct column '[Umsatz SD/CO]' is used. | Step 3: check time range — The data covers 2021-2024 as requested. | Step 4: check segment filter — No specific segment filter was possible due to missing data, but the assumption holds. | Step 5: check aggregation — This is the main failure point. The user asked for 'Wieviel Umsatz... in den Jahren' (How much revenue... in the years), which implies annual totals or a yearly comparison. The config plots monthly data points instead of aggregating them into yearly sums. | Step 6: check labels/title — Title indicates monthly turnover, which contradicts the request for yearly analysis. | Step 7: check value accuracy — The individual monthly values are accurate according to the source table. | Step 8: business usefulness — While the trend is visible, it does not directly answer the question about total earnings per year.","The configuration accurately visualizes the raw monthly data but fails to aggregate the results by year as required by the question 'Wieviel Umsatz ... in den Jahren', leading to an incomplete answer regarding total earnings.",Accurate mapping of monthly data points from the source table. | Clear labeling of axes and annotations for outliers.,"Fails to aggregate data annually, which is necessary to answer 'revenue in the years'. | Visual clutter from plotting 48 data points when only 4 yearly totals are needed.","Aggregate the y_data by summing the monthly revenues for each year and plot four bars or points representing the total annual revenue for 2021, 2022, 2023, and 2024.",
S0,2,/Users/srujanakadambari/Desktop/ffresh thesis/data-to-visual/data-to-visual-nicos-branch/FINAL FOLDER/master_run_results/configs/S0_run02.json,2026-05-17T10:13:37,Qwen3.6-27B,7.427,FAIL,0.6,"Step 1: check chart type — Line chart is suitable for showing trends over time. | Step 2: check metric/column — The chart uses '[Umsatz SD/CO]', which matches the request for 'Umsatz'. | Step 3: check time range — The data covers 2021 to 2024, matching the request. | Step 4: check segment filter — The source data lacks a segment column; assuming the whole table is JVA as per previous context. | Step 5: check aggregation — The user asked for 'Wieviel Umsatz... in den Jahren' (How much revenue... in the years), implying annual totals or a yearly comparison. The config provides monthly granularity without aggregating to yearly sums. | Step 6: check labels/title — Title and axes are appropriate. | Step 7: check value accuracy — The plotted values match the source data exactly. | Step 8: business usefulness — While detailed, plotting 48 individual points (12 months x 4 years) on one axis makes it difficult to quickly answer the specific question about total annual revenue. A bar chart with aggregated yearly sums would be more direct.","The configuration accurately visualizes the raw monthly data but fails to aggregate the results into annual totals as implied by the phrasing 'in den Jahren', making it less effective for answering the specific quantitative question about yearly performance.",Accurate data mapping from source to visualization. | Good use of annotations to highlight peaks and troughs.,"Does not aggregate data to the year level, requiring the viewer to mentally sum up 12 months per year to get the 'yearly' figure requested. | Cluttered presentation due to overlapping lines for four different years.",Aggregate the `[Umsatz SD/CO]` by `Kalender[Jahr]` and use a Bar Chart to display the total revenue per year directly.,
S0,3,/Users/srujanakadambari/Desktop/ffresh thesis/data-to-visual/data-to-visual-nicos-branch/FINAL FOLDER/master_run_results/configs/S0_run03.json,2026-05-17T10:13:44,Qwen3.6-27B,7.915,FAIL,0.4,"Step 1: check chart type — Line chart is chosen. This is generally suitable for time series, but potentially misleading here because it implies continuity between Dec and Jan across different years. | Step 2: check metric/column — The metric '[Umsatz SD/CO]' is used correctly. | Step 3: check time range — The data covers 2021-2024 as requested. | Step 4: check segment filter — No specific segment column exists in the source; assumption made that data represents JVA. | Step 5: check aggregation — The user asked for 'Wieviel Umsatz... in den Jahren' (How much revenue in the years), which strongly implies annual totals. The config provides monthly breakdowns instead of aggregated yearly sums. | Step 6: check labels/title — Title indicates monthly revenue, not annual totals. | Step 7: check value accuracy — The values are accurate copies from the source table. | Step 8: business usefulness — While detailed, a line chart with 4 overlapping lines makes it difficult to quickly compare total annual performance. A bar chart showing annual totals would directly answer the question better.","The configuration accurately visualizes the raw monthly data but fails to aggregate it into annual totals, which is the primary requirement implied by the question asking for revenue 'in the years'.",Data values are accurate. | Annotations highlight interesting outliers like the peak in June 2022 and zero revenue in Sep 2024.,"Does not provide the annual sum, which is the direct answer to 'How much revenue in the years'. | Line chart connects unrelated months across different years, creating a cluttered and confusing view for comparing year-over-year totals.","Change the chart type to a Bar Chart where the X-axis represents the Years (2021, 2022, 2023, 2024) and the Y-value is the Sum of '[Umsatz SD/CO]' for each year.",
S0,4,/Users/srujanakadambari/Desktop/ffresh thesis/data-to-visual/data-to-visual-nicos-branch/FINAL FOLDER/master_run_results/configs/S0_run04.json,2026-05-17T10:13:52,Qwen3.6-27B,7.733,FAIL,0.4,"Step 1: check chart type — Line chart is chosen. While acceptable for trends, the user asked for 'total earnings' (Umsatz) per year, which implies an annual aggregation. | Step 2: check metric/column — The data uses '[Umsatz SD/CO]', which matches the request for revenue. | Step 3: check time range — The data covers 2021-2024 as requested. | Step 4: check segment filter — No specific segment column exists in the source, so the assumption that this table equals JVA is accepted based on previous context. | Step 5: check aggregation — CRITICAL FAIL. The question asks for 'Wieviel Umsatz... in den Jahren' (How much revenue... in the years). This requires aggregating monthly values into yearly totals. The config plots raw monthly data points instead of summing them up per year. | Step 6: check labels/title — Title says 'Monatliche Umsätze' (Monthly revenues), contradicting the need for annual totals. | Step 7: check value accuracy — The individual monthly values are accurate according to the source table, but they do not answer the specific question about total yearly revenue. | Step 8: business usefulness — A line chart of monthly fluctuations makes it difficult to immediately see the total annual performance comparison requested by the user.","The configuration accurately visualizes the underlying monthly data but fails to aggregate the results into yearly totals, which was the core requirement of the user's question regarding 'total earnings'.",Data extraction from source table is correct. | Time range and labeling are consistent with the input.,Fails to aggregate monthly data into annual sums. | Visualizes monthly granularity instead of the requested annual view.,Change the chart type to a bar chart or column chart where each bar represents a Year (2021-2024) and the height corresponds to the SUM of '[Umsatz SD/CO]' for that year.,
S0,5,/Users/srujanakadambari/Desktop/ffresh thesis/data-to-visual/data-to-visual-nicos-branch/FINAL FOLDER/master_run_results/configs/S0_run05.json,2026-05-17T10:14:00,Qwen3.6-27B,8.111,FAIL,0.4,"Step 1: check chart type — Line chart is chosen, which is appropriate for showing trends over time. | Step 2: check metric/column — The y-axis uses '[Umsatz SD/CO]', which matches the request for revenue (Umsatz). | Step 3: check time range — The data covers 2021-2024 as requested. | Step 4: check segment filter — No specific filtering mechanism is visible in the config, but assuming the input data was pre-filtered or represents the whole context, this is acceptable given the previous constraint. | Step 5: check aggregation — The user asked for 'Wieviel Umsatz... in den Jahren' (How much revenue in the years), implying a yearly total or comparison. The chart displays **monthly** granularity for all four years overlaid on each other. | Step 6: check labels/title — Title mentions monthly course ('Monatlicher Umsatzverlauf'), which contradicts the primary question asking for yearly totals. | Step 7: check value accuracy — The values plotted are correct for the respective months. | Step 8: business usefulness — While detailed, plotting 48 data points across 4 overlapping lines makes it difficult to quickly answer 'What was the revenue in 2021 vs 2022?'. A bar chart with yearly aggregates would be significantly more useful for answering the specific question about annual performance.","The configuration provides accurate monthly data but fails to aggregate it into yearly totals as implied by the phrasing 'in den Jahren', making the direct answer to the user's question less accessible than it could be.",Accurate mapping of raw data points. | Good use of annotations for max/min values.,Does not aggregate data to the yearly level requested ('in den Jahren'). | Overlapping line charts make year-over-year total comparison visually difficult compared to a grouped bar chart.,Change the chart type to a Bar Chart and aggregate the Y-values by summing them per Year (Kalender[Jahr]) to show Total Revenue per Year directly.,
S0,6,/Users/srujanakadambari/Desktop/ffresh thesis/data-to-visual/data-to-visual-nicos-branch/FINAL FOLDER/master_run_results/configs/S0_run06.json,2026-05-17T10:14:08,Qwen3.6-27B,7.86,FAIL,0.6,"Step 1: check chart type — Line chart is chosen. While acceptable for time series, it shows monthly volatility rather than the requested annual totals. | Step 2: check metric/column — The correct column '[Umsatz SD/CO]' is used. | Step 3: check time range — The data covers 2021-2024 as requested. | Step 4: check segment filter — No specific segment filter was possible due to missing data, but the title claims 'Segment JVA', which aligns with the assumption made in the previous step. | Step 5: check aggregation — The user asked for revenue 'in the years' (implying yearly aggregates) and a detailed analysis based on 'total earnings'. The config provides raw monthly data points instead of aggregated yearly sums. | Step 6: check labels/title — Title is appropriate. | Step 7: check value accuracy — The individual monthly values are accurate according to the source table. | Step 8: business usefulness — A line chart of monthly data makes it difficult to quickly compare total annual performance across the four years, which is the core of the question ('Wieviel Umsatz...'). It fails to directly answer 'How much revenue...' with a clear total per year.","The configuration accurately plots the monthly data but fails to aggregate it into yearly totals, which is required to properly answer the question about annual revenue and provide a clear comparison of total earnings per year.",Accurate mapping of monthly data points. | Good use of annotations to highlight peaks and anomalies.,"Does not aggregate data by year, making it hard to see total annual revenue. | Line chart with multiple overlapping lines for different years can be cluttered and less effective for comparing total volumes compared to a bar chart.",Change the chart type to a Bar Chart where the X-axis represents the Year (2021-2024) and the Y-axis represents the Sum of '[Umsatz SD/CO]' for that year.,
S0,7,/Users/srujanakadambari/Desktop/ffresh thesis/data-to-visual/data-to-visual-nicos-branch/FINAL FOLDER/master_run_results/configs/S0_run07.json,2026-05-17T10:14:16,Qwen3.6-27B,8.434,FAIL,0.4,"Step 1: check chart type — The line chart is suitable for showing trends over time. | Step 2: check metric/column — The y-axis uses '[Umsatz SD/CO]', which matches the source data. | Step 3: check time range — The x-axis covers months 1-12, but the question asks for revenue in the years 2021-2024. Plotting monthly data without aggregation or clear yearly separation makes it difficult to answer 'How much revenue' (total) directly. | Step 4: check segment filter — No segment filter was possible as the data lacks a segment column; assumption made that data equals JVA. | Step 5: check aggregation — The user asked for 'Wieviel Umsatz' (How much revenue), implying a total sum per year or overall. The config shows raw monthly data points overlaid on each other, making it hard to read specific annual totals or compare years clearly due to overlapping lines and scale differences. | Step 6: check labels/title — Title is appropriate. | Step 7: check value accuracy — The data values match the source table exactly. | Step 8: business usefulness — A multi-line plot of monthly data with vastly different scales (e.g., 2022 peaks at 242k while 2021 peaks at ~43k) obscures the lower years. It does not effectively communicate the total annual revenue requested.","The configuration accurately plots the monthly data but fails to aggregate it into annual totals as implied by the question 'Wieviel Umsatz... in den Jahren', resulting in a cluttered visualization that doesn't directly answer the magnitude of revenue per year.",Data extraction is accurate. | Annotations highlight key extrema correctly.,"Does not aggregate data to show annual totals, which is the core of the question. | Overlapping lines make comparison between years difficult due to large variance in magnitudes.",Use a bar chart aggregating '[Umsatz SD/CO]' by 'Kalender[Jahr]' to clearly display the total revenue for each year from 2021 to 2024.,
S0,8,/Users/srujanakadambari/Desktop/ffresh thesis/data-to-visual/data-to-visual-nicos-branch/FINAL FOLDER/master_run_results/configs/S0_run08.json,2026-05-17T10:14:24,Qwen3.6-27B,7.308,FAIL,0.4,"Step 1: check chart type — Line chart is chosen. This shows trends well but is less optimal for comparing total annual sums directly compared to a bar chart. | Step 2: check metric/column — The config uses '[Umsatz SD/CO]', which matches the source data. | Step 3: check time range — The data covers 2021-2024, matching the request. | Step 4: check segment filter — No explicit filter in JSON, assuming pre-filtered as per previous context. | Step 5: check aggregation — CRITICAL FAILURE. The user asked for 'Wieviel Umsatz... in den Jahren' (How much revenue in the years), implying an aggregate sum per year. The config plots monthly data points without aggregating them into yearly totals. | Step 6: check labels/title — Title mentions month and year, consistent with the granular data plotted. | Step 7: check value accuracy — The monthly values are accurate according to the source table. | Step 8: business usefulness — While it allows visual inspection of seasonality, it fails to directly answer the specific question about total earnings per year. The viewer has to mentally sum up 12 points per line to get the answer.","The visualization accurately displays monthly revenue trends but fails to aggregate the data into yearly totals, which was the core requirement of the user's question regarding total earnings per year.",Accurate mapping of raw monthly data points | Clear labeling of axes and annotations,Does not aggregate data by year as requested ('in den Jahren') | Line chart makes reading total annual volume difficult,Change the chart type to a Bar Chart or Column Chart where the X-axis represents Years (2021-2024) and the Y-values represent the SUM of '[Umsatz SD/CO]' for each respective year.,
S0,9,/Users/srujanakadambari/Desktop/ffresh thesis/data-to-visual/data-to-visual-nicos-branch/FINAL FOLDER/master_run_results/configs/S0_run09.json,2026-05-17T10:14:32,Qwen3.6-27B,7.936,FAIL,0.6,"Step 1: check chart type — Line chart is chosen, which shows trends over time but does not directly visualize the aggregated 'total earnings' per year requested. | Step 2: check metric/column — The metric '[Umsatz SD/CO]' is used correctly. | Step 3: check time range — The data covers 2021-2024 as requested. | Step 4: check segment filter — No segment column exists in source; assumption made that this is JVA data. This is acceptable given the constraints. | Step 5: check aggregation — The user asked for revenue 'in the years 2021 to 2024', implying annual totals. The config provides monthly breakdowns instead of yearly sums. While detailed, it misses the primary request for a total/yearly view. | Step 6: check labels/title — Title and labels are correct and in German. | Step 7: check value accuracy — The monthly values match the source data exactly. | Step 8: business usefulness — A line chart of monthly data makes it difficult to quickly compare the total annual performance between years. A bar chart showing annual sums would be more appropriate for the specific question 'Wieviel Umsatz...'. Additionally, plotting 4 lines on a single x-axis (months) can lead to visual clutter and misinterpretation if the viewer expects chronological continuity across years.","The configuration accurately plots the monthly data but fails to aggregate it into annual totals, which is the core requirement of the question ('Wieviel Umsatz... in den Jahren').",Data values are accurate. | Labels and titles are linguistically correct.,Does not aggregate data by year as implied by the question structure. | Line chart with repeated months on X-axis is less effective for comparing annual totals than a bar chart.,"Change chart type to 'bar' and aggregate the y-data by summing monthly revenues for each year (2021, 2022, 2023, 2024) to show one bar per year.",
S0,10,/Users/srujanakadambari/Desktop/ffresh thesis/data-to-visual/data-to-visual-nicos-branch/FINAL FOLDER/master_run_results/configs/S0_run10.json,2026-05-17T10:14:40,Qwen3.6-27B,,ERROR,,,,,,,JSONDecodeError: Expecting value: line 17 column 28 (char 1613)
S1,1,/Users/srujanakadambari/Desktop/ffresh thesis/data-to-visual/data-to-visual-nicos-branch/FINAL FOLDER/master_run_results/configs/S1_run01.json,2026-05-17T10:14:46,Qwen3.6-27B,8.099,FAIL,0.4,"Step 1: check chart type — Line chart is chosen, which shows trends but does not directly answer 'How much' (total volume) as effectively as a bar chart or aggregated view. | Step 2: check metric/column — The metric '[Umsatz SD/CO]' is used correctly. | Step 3: check time range — The data covers 2021-2024, which matches the request. | Step 4: check segment filter — No specific segment filter is visible in the config, assuming the input data was already filtered for JVA. | Step 5: check aggregation — The question asks for revenue 'in the years', implying an annual total. The config displays monthly granularity without aggregating to yearly totals. This makes it difficult to immediately see the total revenue per year. | Step 6: check labels/title — Title mentions 'Segment JVA Teckentrup', which aligns with the prompt context. | Step 7: check value accuracy — The monthly values correspond exactly to the source table rows for each respective year. | Step 8: business usefulness — While the visualization highlights peaks and troughs well, it fails to provide the primary answer (Total Revenue per Year) clearly. The user has to mentally sum up 12 points per line to get the answer. A better approach would be a bar chart of yearly sums or a dual-axis chart.","The configuration accurately plots the raw monthly data but fails to aggregate it into yearly totals, which is the direct answer to the user's question about revenue 'in the years'.",Accurate mapping of monthly data points from the source table. | Good annotations highlighting significant outliers like the June 2022 peak.,"Does not calculate or display the Total Annual Revenue, forcing the user to do manual calculation. | Monthly noise obscures the overall yearly performance comparison requested.","Change the chart type to a Bar Chart showing the Sum of '[Umsatz SD/CO]' grouped by 'Kalender[Jahr]', or add a secondary series/table showing the calculated yearly totals.",
S1,2,/Users/srujanakadambari/Desktop/ffresh thesis/data-to-visual/data-to-visual-nicos-branch/FINAL FOLDER/master_run_results/configs/S1_run02.json,2026-05-17T10:14:54,Qwen3.6-27B,7.813,FAIL,0.4,"Step 1: check chart type — Line chart is used, which shows trends over time but does not inherently emphasize 'total earnings' or annual aggregates. | Step 2: check metric/column — The metric '[Umsatz SD/CO]' is correctly identified and plotted. | Step 3: check time range — The data covers 2021-2024 as requested. | Step 4: check segment filter — No explicit segment column exists; assumption made that data equals JVA segment. | Step 5: check aggregation — The question asks for revenue 'in the years' (implying yearly totals) and a detailed analysis based on 'total earnings'. The config plots monthly raw values instead of aggregating them into yearly sums. This makes it difficult to directly answer 'How much revenue...' with a single number per year from the visual alone. | Step 6: check labels/title — Title mentions Segment JVA, which is consistent with the prompt's context. | Step 7: check value accuracy — The individual monthly data points match the source table accurately. | Step 8: business usefulness — While useful for seeing seasonality, it fails to provide the primary insight requested: the total annual revenue. A bar chart with yearly sums would be far more appropriate for answering 'Wieviel Umsatz... in den Jahren'.","The configuration accurately plots the monthly data but fails to aggregate the results by year, which is required to clearly answer the question about total revenue per year.",Accurate mapping of monthly data points | Correct identification of peak months via annotations,"Does not aggregate data by year, making it hard to see total annual revenue | Line chart is less effective than a bar chart for comparing discrete yearly totals","Change the chart type to a Bar Chart and aggregate the Y-values by summing them up for each Year (2021, 2022, 2023, 2024).",
